index,member,name,severity,contagion
1040,0,onep-routing,3,0.8020113298871009
678,0,se-cgn,3,1.6602554496912618
849,1,asr9k-thor-infra,2,1.582308072578945
1440,0,infra-processmib,3,0.19624844847569864
1678,0,asr9k-darkenergon,2,0.7785742906178518
717,1,pfi-ctrlio,4,0.1967509369131169
428,0,asr9k-cliffjumper,2,0.26925304367283115
1139,1,ip-rib,2,1.9481310680548056
200,0,qfp-netflow,4,0.8136639676753922
506,0,infra-triage,2,0.2136404136228694
205,1,scripting-python3,3,0.21141354683651128
694,0,asr9k-40g-serdes,3,1.614496915795347
906,0,ipv4-aib,2,0.21713514395880587
1205,1,forge-res-mgr,3,0.6315346862952029
1336,0,infra-rsi,2,1.2860639627703692
1195,1,csa-rb-vkg,4,0.4713803777243558
733,1,juggernaut-board,2,0.27696808752372787
261,1,onep-datapath,2,1.3386449778230802
809,1,calvados-shelf,2,0.26925304367283115
3,1,asr9k-qfp-oslib,2,0.2164776084051678
1238,0,asr9k-lpts,3,3.9770748632051354
1386,0,os,3,0.6072679001036521
1588,0,service-infra-rspp,4,0.18772426308689663
1397,1,buildx-compile,3,0.16975127205933832
999,1,asr9k-synce,3,3.2106505417598323
1658,0,asr9k-triage,2,4.841152908768486
1359,1,infra-qnx-lwm,2,0.27992253500101155
521,1,iox-iphc,3,0.28520953773252844
830,0,asr9k-spa-t3e3,3,0.5218802334990794
1655,1,hypervisor,3,0.27843708279171087
1148,0,snmp-assetmib,2,0.3651441377271354
119,1,asr9k-kdumper,3,1.9392785515121431
1114,0,qfp-acl,3,0.21700995369193976
1664,0,es-acl,2,0.29099509522345895
1628,0,flexr-asr9k-idprom,3,0.5245752918542534
1469,1,asr9k-qfp-marmot,2,0.21946790485953668
167,1,aaa-lib,3,0.33322344667840104
1428,0,optics_ctrl,2,0.37907472988971
973,1,asr9k-cc-ctrlbus,2,0.3008962120670896
1556,0,asr9k-ptp,3,2.073928671107861
759,1,calvados-sdk,6,0.2302800926269837
1096,0,asr9k-li,3,1.5861316174939581
1010,0,asr9k-lac,1,0.1657732046671731
529,1,ip-iarm,2,0.7929817820016232
1298,0,asr9k-sip700-infra,3,3.3985572422274632
418,0,csa-rb-bios,3,0.7967433395088931
174,0,asr9k-eoam,3,1.193726015820129
573,1,eigrp,2,1.0982331994705714
108,0,spp-offload-cfm,3,0.35431927888999337
1023,1,asr9k-lrd-inv,3,0.2307590038741677
1669,1,asr9k-octane-lan,2,0.3324774562643576
882,0,qfp-bqs-mgr,2,0.17054343314800405
101,1,asr9k-starscream,2,0.5756619801070949
1553,1,tunnel-gre,3,1.9515502275637853
243,1,bmc-forge,3,0.24847694564404116
1079,1,ip-static,3,0.33216925495123684
1328,0,qfp-tfc,2,0.2091633230078069
191,1,flowspec,3,0.937974028906007
550,0,subscriber-sint,2,0.23350024513783593
459,1,qfp-intf-fr-relay,3,0.15
718,0,freqsync,3,1.049307707662348
446,0,infra-event-mgr,2,0.21378418703173466
377,1,asr9k-pppoe,3,0.2712109044840154
818,0,calvados-show-tech,4,0.33483196559262085
94,0,asr9k-innovation,6,0.23264800534169833
693,1,asr9k-iphc-pal,2,0.1985522989619317
1113,1,afmon-mib,3,1.0366091192190448
663,1,asr9k-spa-choc3,3,0.8477199164622061
1491,1,xr_pi_routing_rib,3,0.22565018082449737
188,0,asr9k-l2-snoop,3,1.4783079172027045
175,1,asr9k-eoam,3,1.193726015820129
1572,0,s-otn-controller,2,0.30167934556901915
567,1,ipv4-cinetd,3,0.24738476445076132
591,1,asr9k-ip,3,1.2919894910256489
554,0,compmgmt-devicemgr,4,0.23740880537381137
370,0,invmgr,4,0.2546618916271026
662,0,asr9k-spa-choc3,3,0.8477199164622061
270,0,ha-lrd,3,0.21869561587549147
1015,1,xr_pi_rinfra_lpts,3,0.22692563421368328
1282,0,ha-eem-call-home,2,0.25674830065382387
603,1,infra-rmf,3,0.71769800340521
102,0,drv-chips-fugu,3,0.18323292398016366
534,0,installmgr,3,1.5403629295367454
1173,1,infra-redfs,2,0.18773634408170786
1064,0,platforms-dmac,3,0.2425561465487719
1190,0,asr9k-ether-ctrl,3,6.501842893776416
742,0,asr9k-mlan,3,1.422158125267496
768,0,ethernet-mmrp,3,1.0822066301566884
1016,0,nto-ioblk,4,0.22342856597242283
1000,0,infra-sla,3,0.2630180294916786
408,0,qfp-build,4,0.40602432787360826
804,0,mcast-plat-default,2,0.4414765372708275
235,1,infra-dumper,3,0.3745185842609488
933,1,iox-sync,5,2.373368604257509
1384,0,asr9k-suprcolossus,2,0.7774474198546204
289,1,infra-shmalloc,3,0.1997168990718576
1229,1,lib-putil,3,0.8499498114906171
346,0,asr9k-spa-ceop,3,1.2141138895809647
1118,0,spirit-issu,3,0.23125142065022056
725,1,plat-startup,3,0.1684019195264846
495,1,asr9k-cpp-acl,3,1.0222917104803686
540,0,asr9k-cbc-fw,3,2.4617133687776662
942,0,avsm-fpga,2,0.330487754602892
802,0,asr9k-jug-fpga,2,0.5621915553286516
388,0,netio,2,1.0960399623658332
413,1,infra-mediasvr,4,0.2032630128718944
1475,1,igmp-snoop,3,2.871494206005121
1631,1,asr9k-megatron,2,1.3688707523855446
784,0,subscriber-ipsub,3,4.256090473345641
1248,0,asr9k-rb-lnx-fwd,3,0.3801190561240145
1317,1,subscriber-util,3,0.3102254304949481
786,0,infra,3,0.6932512602660609
1460,0,asr9k-sanity,2,0.7666517071523387
1463,1,ethernet-mrp,3,0.5670774044580481
133,1,qfp-punt-internal,2,0.6712562788959473
1273,1,asr9k-abf,3,0.7399961961568531
461,1,aaa-aaacore,4,1.5658586151901444
932,0,iox-sync,5,2.373368604257509
1616,0,asr9k-punt,3,3.705778112392802
156,0,asr9k-mcast,3,1.2796007279795183
608,0,asr9k-metro,2,0.8009611451545907
1520,0,asr9k-wx-fpga,2,0.5868236604969866
1676,0,asr9k-sab8,2,0.20677038110749751
1361,1,ipv4-fib,3,0.555806218245016
761,1,asr9k-drv-fwder,3,0.9769432480141566
773,1,virt-infra,3,0.32019094373880214
1577,1,tunnel-l2tun,3,1.1183586707118796
1318,0,asr9k-dpss,3,1.3116050315341514
1339,1,asr9k-fr,3,0.7697072001966584
807,1,asr9k-cbc-sw,3,2.7527269404905192
1668,0,asr9k-octane-lan,2,0.3324774562643576
1072,0,ethernet-cfm,3,1.8721079444541278
1030,0,sysmgr,3,0.9868800818047928
1258,0,infra-ltrace,3,0.5310447286084744
500,0,doc-asr9k,2,0.20650584731291802
1379,1,infra-iccp,3,0.803504701285659
578,0,asr9k-nsr,4,0.36494164599749807
1196,0,flexible-netflow,6,0.8423743997238635
731,1,asr9k-mgbl-cwi,3,0.37145494423165654
1003,1,fib-ipv4,2,0.5595957383009407
1061,1,fhrp,6,0.24065852512716127
531,1,bcdl2,2,0.20679182882518407
1333,1,ip-udp,3,0.18391478970169933
1296,0,asr9k-fab-infra,3,2.8699322592545555
787,1,infra,3,0.6932512602660609
838,0,asr9k-l2tpv3ov6,3,0.9076449472151848
1652,0,xr_snmp,3,0.19623409278730333
330,0,qfp-mfr,2,0.6724029257574219
371,1,invmgr,4,0.2546618916271026
87,1,infra-showtech,3,1.3674546162778236
1133,1,infra-distrib,2,1.0038161634913139
150,0,mpls-vpn-mib-rsi,3,0.21289042576039824
928,0,infra-obfl,3,0.24282743402354817
526,0,service-se-infra,3,0.41732057421033486
142,0,ppp-ma,3,2.4693481464717046
457,1,qos-ma,3,2.8172935170959126
1672,0,asr9k-icpe-nvsat,4,0.40274383773780853
76,0,asr9k-placed,3,0.18323292398016366
904,0,asr9k-license,3,2.7043516002995234
541,1,asr9k-cbc-fw,3,2.4617133687776662
892,0,asr9k-storm,2,0.6994151326469501
1193,1,asr9k-macsec,4,1.0394015878440699
0,0,vui-legacy,2,0.2899770704924693
992,0,asr9k-fia,2,5.034459782128486
1717,1,asr9k-bcm-prm,6,0.3292941478900053
1551,1,ip-l2snoop,4,0.16815879418531476
36,0,icpe-nv-satellite,2,0.9268295330810651
161,1,asr9k-cpp-fib-cmn,3,1.5744525024038485
464,0,qfp-bqs-internal,3,0.1684816036340099
511,1,spa-atmbb-all,2,0.27696404159800897
955,1,asr9k-icsso,3,0.44726819546473257
860,0,xmen-sanity,1,2.0492068647149564
929,1,infra-obfl,3,0.24282743402354817
1331,1,valhalla,2,0.2802147107141278
1019,1,traffmon-netfl5966,3,0.5845374454646142
473,1,qfp-l2mcast,4,0.5728287757679509
309,1,asr9k-sc-nodeid,4,0.6863537050498552
1626,0,asr9k-sureshot,2,0.4298723526070157
1177,1,asr9000-docs,3,2.6957133790285392
470,0,ethernet-g8032,3,0.9867119989897817
306,0,phys-t3e38209,3,0.2918894839478996
173,1,asr9k-qfp-acl,3,0.4006227756264578
1461,1,asr9k-sanity,2,0.7666517071523387
987,1,qfp-icmp,2,0.15
890,0,asr9k-lc-ep,4,0.6399029086071638
998,0,asr9k-synce,3,3.2106505417598323
30,0,asr9k-flexr-mgmt,3,0.5566534239846106
1225,1,tools-sdl-scf,6,0.1684816036340099
141,1,infra-qnet,2,0.18053300233980613
206,0,asr9k-optics,3,1.8392546804613317
1709,1,asr9k-avsm-board,3,0.36359699825619884
1110,0,nto-os,3,0.9620990260421346
604,0,ipv4-io,3,0.7347902348998302
1525,1,platforms-compmgmt,2,0.21486285194911608
965,1,lisp,3,0.37224509990508214
1158,0,fib-ipv6,2,0.39064250346561413
1362,0,pmengine,2,0.5271184205545433
1179,1,ipv4-acl-pfilter,1,0.18568790568597232
97,1,tools-util,3,0.25936378278152833
326,0,bgp,3,0.18775681192191668
557,1,ethernet-loopback,3,0.7916231488700628
448,0,asr9k-trident-acl,3,0.2883055642807409
35,1,segment-routing-tc,3,0.22240239929765998
18,0,ipv4-multicast,3,0.47485033248405706
1149,1,snmp-assetmib,2,0.3651441377271354
974,0,socket-lib,3,0.23326165663501894
224,0,cgn,4,0.9975645893744961
750,0,eoam-lm,1,0.15
90,0,bfd,4,0.3077175317798684
77,1,asr9k-placed,3,0.18323292398016366
1519,1,onep-infra,3,1.898469724192028
368,0,asr9k-lc-octane,3,2.118692361184018
595,1,phys-mibs-t1e1,3,0.21980254969697863
894,0,ipv4-mrib,3,1.3292499893824687
1090,0,asr9k-spa-pos,3,1.4608715441417188
406,0,asr9k-fpga-dv,2,0.9599745477256362
1116,0,wan-lib,3,0.18323292398016366
1578,0,ACL,2,0.310989386653764
848,0,asr9k-thor-infra,2,1.582308072578945
51,1,asr9k-lc-fpgas,3,5.265210678755769
1231,1,multilink3020,3,0.23969928615060532
1420,0,asr9k-fib-thor,3,1.5460338397644149
212,0,asr9k-cct,3,0.15
1154,0,asr9k-lc-24p10g,3,0.1705252213922714
33,1,asr9k-pfm,4,1.2908522514572704
810,0,asr9k-fab-xbar,3,2.9888406128591662
367,1,ipv4-bgp,2,3.207513201878112
429,1,asr9k-cliffjumper,2,0.26925304367283115
1163,1,flash-hes,2,0.19208649959584476
1449,1,asr9k-typhoon-tm,3,0.4019685882992515
267,1,nto-serpci,5,0.22290875583797906
875,1,plat-skywarp-mdata,6,0.21425680904440675
20,0,asr9k-mgbl-snmp,3,0.39465873174449195
1575,1,chkpt,2,1.0125258992267148
407,1,asr9k-fpga-dv,2,0.9599745477256362
178,0,asr9k-rb-bios,3,0.4364444586760322
1657,1,qfp-li,3,0.3806313285342646
1597,1,infra-qsm,2,0.5084303980219823
760,0,asr9k-drv-fwder,3,0.9769432480141566
870,0,trg-pi,2,0.17021033760796933
801,1,asr9k-unicast,2,1.092860371757779
1202,0,fib-common,2,3.819211309119278
1562,0,clns-io,3,0.22287039368773995
1320,0,infra-test-xrut,6,0.18673721289935494
1265,1,infra-sld,3,0.19106099859331677
1107,1,c12k-atm,3,0.2136319022475972
597,1,pci,3,0.2992736770416289
797,1,asr9k-fab-arb,3,1.9949280135056329
1039,1,asr9k-tftpserv,3,0.2437140074738625
884,0,config-cli,5,0.4799593582390244
476,0,vman,3,1.5967080124528663
1372,0,asr9k-mr-aps,3,0.3060970318286596
1085,1,platforms-lib,3,0.26234518900473025
372,0,spa-choc12-ds0,2,0.523263155041062
1182,0,aaa-locald,3,0.7367050596382401
1358,0,infra-qnx-lwm,2,0.27992253500101155
1472,0,mpls-vpn,3,0.17954173539339466
1278,0,onep,3,1.5056509703403946
394,0,ip-tcp,2,1.005638684389318
1378,0,infra-iccp,3,0.803504701285659
1144,0,ppp-ea,2,0.17905846259194108
1689,1,lib-replicator,3,0.18865904268802078
1483,1,asr9k-avsm-infra,3,3.6747356431811378
221,1,asr9k-rb-vendor,3,0.38731362385565093
1641,1,c12k-smdc,6,0.19943341683451793
1431,1,calvados-build,4,0.3663796614729882
1024,0,afmon-lib,3,1.0179217408672014
1363,1,pmengine,2,0.5271184205545433
323,1,asr9k-flexr-ipu,3,0.2903448641459596
559,1,aaa-accounting,3,0.3202985500944644
1479,1,asr9k-multicast,2,0.27491710825877586
1594,0,asr9k-sip-mcast,3,1.9373578394178694
61,1,qfp-mpls,3,0.663416644658064
1244,0,atmgcmgr,2,0.19171253838878305
576,0,asr9k-fib-hal,3,1.6589471333951296
278,0,ipv4-vrrp,3,0.6708164446341874
1017,1,nto-ioblk,4,0.22342856597242283
1471,1,asr9k-media,3,2.5320259412301476
400,0,asr9k-hw-forge,2,0.526416429608175
1310,0,ip-dhcp,3,0.6516563055458576
938,0,acme_process,4,0.2524075671756721
378,0,asr9k-avsm-fpga,3,0.21447762714918592
1489,1,ipsla,3,0.8289782691592978
193,1,spp-offload-core,2,0.19579031690569604
596,0,pci,3,0.2992736770416289
1585,1,ism-cgv6-app,3,1.1460354178496837
50,0,asr9k-lc-fpgas,3,5.265210678755769
826,0,ethernet-span,4,0.4283255463145684
1414,0,icpe-ifo,2,1.0428000872286458
1056,0,asr9k-pagent,5,0.16530573883739846
650,0,l2protocols-epi,2,0.21648315360676781
800,0,asr9k-unicast,2,1.092860371757779
546,0,asr9k-sw-forge,3,3.1961475271032045
1078,0,ip-static,3,0.33216925495123684
747,1,icpe-sdacp,3,1.5847904197860052
1666,0,ipv4-dhcpd,3,3.0831230262287104
664,0,onep-topology,3,0.3951174546220065
1077,1,tty-infra,4,0.27761093596427466
842,0,spabrg-marmot-drv,4,0.3581690901154281
1674,0,avsm,3,0.17872508410381277
950,0,ipv4-apps,3,0.4240795364180977
1422,0,ipv6-mfwd,3,0.27026079357667104
1349,1,flash-drv-lib,3,0.16024348046980277
652,0,afmon-mgr,3,0.35152123481905573
268,0,calvados-am,3,0.20771245980749056
331,1,qfp-mfr,2,0.6724029257574219
504,0,asr9k-fib-tomahawk,2,1.9931168698496002
183,1,asr9k-service-se,4,0.9672715689341813
328,0,ipv4-arp,3,1.4019425779393149
665,1,onep-topology,3,0.3951174546220065
948,0,smart_lic_agent,2,1.6202702043636454
566,0,ipv4-cinetd,3,0.24738476445076132
538,0,snmp-expr-mib,3,0.1780399275141942
111,1,asr9k-dhcpd,3,0.462671734305715
1638,0,infra-infra,3,0.32539217924513875
242,0,bmc-forge,3,0.24847694564404116
282,0,asr9k-thor-fwding,3,2.9405564244285403
532,0,asr9k-thor-spa,2,1.1678502033088072
874,0,plat-skywarp-mdata,6,0.21425680904440675
863,1,qos,1,0.20020509013711035
1216,0,asr9k-qfp-driver,2,1.2097378410936859
1569,1,asr9k-qfp-li,3,0.32582549108458836
411,1,asr9k-l2pioi,3,2.260678674176818
1610,0,drivers-media-eth,3,0.7145090650747834
601,1,csa-rb-fwd,3,0.6618330074053843
12,0,policy-shim,2,0.5524069106385393
1161,1,ethernet-mac-alloc,3,0.18713589273523965
1452,0,asr9k-sat-ucode,2,0.5682749557934532
1488,0,ipsla,3,0.8289782691592978
877,1,phys-t1e18335,3,0.3126153485280636
984,0,asr9k-octane-otn,2,1.0708320262818403
654,0,thor-iphc-pal,2,0.7755574731724632
1314,0,spirit-ds,3,0.19829167557343041
325,1,pppoe-ma,3,1.6377489461454595
1473,1,mpls-vpn,3,0.17954173539339466
1654,0,hypervisor,3,0.27843708279171087
1237,1,qfp-framerelay,2,0.19874773960813125
1684,0,infra-cdm,2,0.7531775506081234
1027,1,asr9k-l2mcast,3,2.9107450572323366
89,1,asr9k-40g,2,0.8448096501470366
683,1,asr9k-ironman-qos,2,0.4567594999843684
1120,0,lpts-ifib,3,0.2146647771119411
881,1,asr9k-snmp,3,0.6689649415155692
319,1,asr9k-flexr-fpd,3,0.21795594027729326
1527,1,sonet-fsync,4,0.26863258709476895
583,1,ipsub_ma,3,0.16024348046980277
157,1,asr9k-mcast,3,1.2796007279795183
478,0,plat-common-gsp,2,0.28581303069103126
635,1,gcplane-afea,2,0.23876728382601095
1446,0,asr9k-cpp-urpf,3,0.15819071078350613
1305,1,others,2,0.22321237316628145
39,1,snmp-entitymib,2,0.5633502693716449
637,1,asr901-platform,2,0.21149328499579398
1592,0,call-home,3,1.996036256161924
817,1,asr9k-bng-qos,2,0.6857405927895054
1226,0,asr9k-l3vpn,3,0.5996882436763762
88,0,asr9k-40g,2,0.8448096501470366
1214,0,lpts-netio,3,0.1986922322762887
1703,1,ethernet-interflex,3,0.5585260248428788
491,1,dhcp,2,3.8389567613279505
1535,1,ethernet-mvrp,3,0.20766479687297668
321,1,asr9k-pci,3,2.7233667861388176
889,1,sse-ucode,5,1.623615537555821
814,0,asr9k-intf-stats,2,0.4873474134050625
343,1,panini-fabric,2,0.18455507366994298
707,1,asr9k-cfm,3,2.681837085155762
316,0,infra-distrib-test,3,0.17077739805510206
1515,1,onep-policy,3,1.776486258453172
1324,0,vaccesslib,3,0.4973298150086179
1699,1,xr_pi_mcast,3,0.3658094777429783
505,1,asr9k-fib-tomahawk,2,1.9931168698496002
923,1,asr9k-lc-sureshot,3,2.761373732825822
80,0,sla,2,0.2173230251145165
1212,0,asr9k-tmhwk-asic,3,0.21326474003373858
1415,1,icpe-ifo,2,1.0428000872286458
1045,1,asr9k-acl,3,3.632433664399118
1245,1,atmgcmgr,2,0.19171253838878305
757,1,infra-ldap,3,0.18455507366994298
1097,1,asr9k-li,3,1.5861316174939581
1136,0,asr9k-inline,4,1.665768473514894
380,0,qfp-oslib,4,0.2125965802285495
822,0,mipv6,3,2.5023847031115283
1606,0,lib-keychain,2,0.1899063925401197
231,1,asr9k-ipsub,3,1.1597474882142949
117,1,asr9k-dsc,3,1.3916286792445849
1004,0,asr9k-rb,3,1.8566274688610283
187,1,asr9k-spp-dpaa,4,0.24393215546203573
1347,1,asr9k-calv-obfl,3,0.2297474114287273
593,1,qfp-intf-atm,5,0.4337101126935996
484,0,service-infra-srd,4,0.2504550212125325
503,1,infra-debugging,3,0.16874105115317423
549,1,tomahawk-asic,4,1.0471462751719562
607,1,asr9k-qfp-bqs-mgr,3,0.212039885875353
611,1,infra-xoslib,2,1.2197081152718205
1624,0,qos-policy,4,0.21333213527796338
736,0,asr9k-compmgmt,3,0.7223030037952012
292,0,asr9k-qfpl2mcast,2,0.19616765999924254
812,0,asr9k-qfp-punt,2,0.21478960039968997
166,0,aaa-lib,3,0.33322344667840104
1047,1,nv-901-img,3,1.4908947278373217
1521,1,asr9k-wx-fpga,2,0.5868236604969866
1544,0,mobileip,3,0.5435446419068655
436,0,asr9k-sip700-irb,2,0.18827562347306198
2,0,asr9k-qfp-oslib,2,0.2164776084051678
609,1,asr9k-metro,2,0.8009611451545907
441,1,package-base,3,0.3179148496433602
1389,1,asr9k-hw-jetfire,2,0.2937189165348575
709,1,mcast-pim,2,1.6431253160318207
452,0,crypto-ssl,2,0.3263761063842031
1134,0,forge-shelf-ctrl,3,0.39499258652679814
1391,1,skywarp-bcm,5,0.643027402732294
1222,0,qfp-driver,4,1.2701788821203792
1390,0,skywarp-bcm,5,0.643027402732294
1490,0,xr_pi_routing_rib,3,0.22565018082449737
659,1,asr9k-qfp-uidb-mgr,2,0.20712939337147637
397,1,vxlan,3,1.8731004239923075
194,0,asr9k-pbr,3,3.1269603144852454
433,1,drivers-ether,2,0.18576867312855316
1001,1,infra-sla,3,0.2630180294916786
1031,1,sysmgr,3,0.9868800818047928
1499,1,panini-spp,2,0.16960280851226295
1325,1,vaccesslib,3,0.4973298150086179
847,1,asr9k-flexr-media,3,0.21219056908498263
163,1,infra-mibs-empmib,2,0.20241226063976925
67,1,asr9k-mgbl-scf,4,0.6108073583231353
910,0,asr9k-fabric-mgid,2,1.8297235089836072
713,1,asr9k-rommon,3,3.500651284173236
1686,0,asr9k-trident-qos,3,0.5219862261799437
513,1,upgrade-fpd,3,0.290025887489189
103,1,drv-chips-fugu,3,0.18323292398016366
598,0,asr9k-qfp-ha,2,0.28827390200836683
1037,1,spa-2choc12-ds0,2,0.21819563211944665
711,1,lpts-pa,2,0.6144988061138695
1492,0,asr9k-cpp-prrt,3,0.3977146165368661
276,0,afmon-ma,3,0.9026272923859278
389,1,netio,2,1.0960399623658332
1380,0,ipv4-pim,2,1.7882736810946862
1599,1,mgbl-yang,3,1.1040775627620039
581,1,asr9k-sc-dsc,2,0.6523476050844923
1620,0,ha-wdsymon-test,3,0.21792863435735704
558,0,aaa-accounting,3,0.3202985500944644
827,1,ethernet-span,4,0.4283255463145684
832,0,ethernet-udld,3,0.3004526112533604
1611,1,drivers-media-eth,3,0.7145090650747834
1257,1,ethernet-lmi,4,0.1610601317593846
253,1,ipv4-smiap,3,0.2152211838310034
1207,1,asr9k-lc-cmn,3,0.15759579017132738
1104,0,qfp-infra-internal,3,1.2956104132409596
214,0,ha-eem,2,0.9227468100212066
1147,1,asr9k-energon,3,1.113176219667003
644,0,asr9k-ipu-sw,2,1.1749183038385183
953,1,lpts-pre-ifib,3,0.4709422053899827
1539,1,asr9k-prm-issu,2,0.4028952200289087
771,1,qfp-class-internal,4,0.15948330138861952
1295,1,thor,2,0.5347347951796186
310,0,aaa-attributes,4,0.7359932638292149
1596,0,infra-qsm,2,0.5084303980219823
1670,0,asr9k-lc-ucode,3,1.1281533241851622
1548,0,asr9k-fib-trident,2,1.0722434613554974
148,0,asr9k-hw-odin,2,0.7659509301891285
104,0,asr9k-colossus,2,1.171070463914555
833,1,ethernet-udld,3,0.3004526112533604
1303,1,l2protocols-vlan,3,0.2424221778184364
1235,1,sonet-mib,3,0.24158543497411678
72,0,asr9k-cc-mbihello,3,0.29098183226223
811,1,asr9k-fab-xbar,3,2.9888406128591662
213,1,asr9k-cct,3,0.15
294,0,asr9k-startup-lc,4,2.0724899005452464
1002,0,fib-ipv4,2,0.5595957383009407
951,1,ipv4-apps,3,0.4240795364180977
620,0,mcast-fib,2,0.7240077313460123
462,0,ism-ixgbe-usrdrv,3,0.2344404605231644
724,0,plat-startup,3,0.1684019195264846
941,1,snmp-udp,2,0.20883193461343297
993,1,asr9k-fia,2,5.034459782128486
1675,1,avsm,3,0.17872508410381277
1559,1,ipv6-ospfv3,3,1.0266962542583593
168,0,qos-lib,3,0.6120323219169918
508,0,asr9k-diags,4,10.217881633612249
1493,1,asr9k-cpp-prrt,3,0.3977146165368661
1285,1,asr9k-spa-cht1e1,3,0.7908156149893706
936,0,nv-satellite-sdac,3,0.7238106063865388
1228,0,lib-putil,3,0.8499498114906171
1690,0,spp,2,1.0308034363854717
1712,0,debug,3,0.20951569173740722
385,1,asr9k-spa-cem,3,0.38145603534563155
152,0,asr9k-qfp-l2vpn,3,0.8398801754936275
284,0,ethernet-lldp,3,1.8304917238911156
1259,1,infra-ltrace,3,0.5310447286084744
1468,0,asr9k-qfp-marmot,2,0.21946790485953668
858,0,onep-element,3,1.0392586213054744
1099,1,asr9k-fib-common,3,3.935798150334461
1570,0,asr9k-fib-ipv4,3,1.139156362638753
146,0,asr9k-mgbl-xml,3,0.20975610288568905
1388,0,asr9k-hw-jetfire,2,0.2937189165348575
494,0,asr9k-cpp-acl,3,1.0222917104803686
1159,1,fib-ipv6,2,0.39064250346561413
667,1,asr9k-spp-tsec,3,0.307136959969422
480,0,pir-triage,2,0.23697685696581566
510,0,spa-atmbb-all,2,0.27696404159800897
1645,1,nrs,2,0.6767184810165761
880,0,asr9k-snmp,3,0.6689649415155692
649,1,l2-eth-common,3,0.2697516362391129
577,1,asr9k-fib-hal,3,1.6589471333951296
125,1,object-tracking,3,0.6304172962684813
636,0,asr901-platform,2,0.21149328499579398
1124,0,asr9k-acct-srv,2,0.26890184636191045
876,0,phys-t1e18335,3,0.3126153485280636
1457,1,asr9k-fib-eng-cmn,3,1.0964191323722323
931,1,infra-diana,6,0.20495144068352597
334,0,mcast-msdp,2,0.34605501628069585
651,1,l2protocols-epi,2,0.21648315360676781
982,0,asr9k-i2c,3,2.356249632540767
1671,1,asr9k-lc-ucode,3,1.1281533241851622
1605,1,ipv6-pim,3,0.3092695720924864
37,1,icpe-nv-satellite,2,0.9268295330810651
1557,1,asr9k-ptp,3,2.073928671107861
293,1,asr9k-qfpl2mcast,2,0.19616765999924254
52,0,asr9k-diags-bb,3,0.5498484475578274
409,1,qfp-build,4,0.40602432787360826
236,0,asr9k-pos-linkbndl,3,1.2203900546357147
795,1,asr9k-lc-cpp,3,2.230098219962909
960,0,mb-ipsec,3,2.398199869820815
1267,1,spp-dpaa,6,0.17980118291255884
207,1,asr9k-optics,3,1.8392546804613317
376,0,asr9k-pppoe,3,0.2712109044840154
1443,1,ipv4-filesystems,3,0.33600729420818615
332,0,envmon,4,0.18750439318565326
137,1,qfp-intf-gic,3,0.2091633230078069
891,1,asr9k-lc-ep,4,0.6399029086071638
1341,1,asr9k-rb-kernel,3,0.3339173891949076
115,1,asr9k-cgn-avsm,3,3.0009425186590235
798,0,mcast-snoop,3,1.0017808501456353
997,1,ipv6-icmp,3,0.19790132806441102
1313,1,asr9k-servicepack,3,0.22471381122272904
839,1,asr9k-l2tpv3ov6,3,0.9076449472151848
259,1,bridge-mib,2,0.197618038860181
239,1,snmp-sr-snmpv3,3,0.1989675510451936
8,0,avsm-board,2,0.6417018796741121
872,0,l2-eth-infra,3,0.9217744723452822
1405,1,sonet-nv,2,0.20755151127722068
1323,1,ha-rmf,3,0.2278166255718526
228,0,asr9k-qfp-stats,2,0.1986922322762887
1364,0,asr9k-calv-pwrmon,5,0.3157009796170008
1546,0,asr9k-1g-phy,2,0.2188231052688214
769,1,ethernet-mmrp,3,1.0822066301566884
1271,1,asr9k-l2tp-reass,2,0.16999000488207539
1021,1,flexr-asr9k-fpd,5,1.2862703792670505
295,1,asr9k-startup-lc,4,2.0724899005452464
485,1,service-infra-srd,4,0.2504550212125325
831,1,asr9k-spa-t3e3,3,0.5218802334990794
1199,1,li,3,1.5277164913135923
945,1,apache-thor,3,0.8965467197442202
34,0,segment-routing-tc,3,0.22240239929765998
553,1,l2rib,3,0.8432234416945815
781,1,pie,3,0.8735165542676232
22,0,platforms,3,0.42492462418378496
1571,1,asr9k-fib-ipv4,3,1.139156362638753
561,1,asr9k-lc-weaponx,3,2.625957952841898
275,1,aaa-test,3,0.20918759660552833
455,1,onep-xr-infra,4,0.17364681903098048
631,1,route-proxy,2,0.46196039464759825
1485,1,mpls-static,3,0.205211941059697
896,0,rsm-spa-issu,6,0.30174512770472256
249,1,policymgr,3,2.652140667114996
1366,0,asr9k-fantray-v2,2,0.2346083450682935
763,1,gimli-dt-triage,2,0.18717810555684455
765,1,asr9k-rb-vkg,4,0.24541040249068882
1246,0,ipv4-mfwd,2,1.2009938784807443
614,0,mcast-igmp,2,0.616852062008866
1288,0,man-xml-mda-ops,3,0.1970334825875176
1309,1,asr901-nv,3,0.6451578324100308
1465,1,sdac-satellite,3,3.5100898555627693
85,1,param-svc,4,0.33326201384169474
1129,1,asr9k-obfl,3,0.9816975957932088
198,0,xr_pi_l2vpn,2,0.18613979579109982
790,0,ipv6-io,2,0.4060011254642286
1662,0,plat-skywarp-tgt,3,0.31698852570603464
298,0,ip-fhrp,2,0.3134435898113845
28,0,asr9k-fib-typhoon,3,0.6693237444538448
823,1,mipv6,3,2.5023847031115283
994,0,iosxrdocs-asr9k,3,0.2906886231205019
209,1,asr9k-ep-oir,2,0.22532667573012083
1253,1,asr9k-gaspp,3,0.2209582349974311
1218,0,asr9k-cpp-fib-ipv6,2,0.49051947502621696
776,0,config-mibs,2,0.1705252213922714
1070,0,pfi-eint,2,0.8205361700662889
203,1,asr9k-startup-rp,3,1.8538645774609732
925,1,mpls-lsd,2,2.033884615140998
1481,1,infra-ship,2,0.35516544809407774
1153,1,l2fib,3,2.579851602431422
1280,0,asr9k-100g-serdes,3,2.3682699347443856
1550,0,ip-l2snoop,4,0.16815879418531476
816,0,asr9k-bng-qos,2,0.6857405927895054
344,0,config-mda,3,0.44815459593961
1284,0,asr9k-spa-cht1e1,3,0.7908156149893706
766,0,snoop-infra,3,0.21848794301732583
1502,0,tools-smu,2,0.21131692351557851
189,1,asr9k-l2-snoop,3,1.4783079172027045
671,1,parser,3,2.30614096536674
1022,0,asr9k-lrd-inv,3,0.2307590038741677
1351,1,asr903-bfd,3,0.22106648778718918
1507,1,ether-infra,3,0.19855713075543702
1338,0,asr9k-fr,3,0.7697072001966584
233,1,platforms-nodeid,3,0.1866240492195403
345,1,config-mda,3,0.44815459593961
639,1,asr9k-lc-typhoon,3,5.248182093602139
1504,0,qfp-crtp,3,0.5868586035463319
653,1,afmon-mgr,3,0.35152123481905573
1329,1,qfp-tfc,2,0.2091633230078069
793,1,mpls-te,3,3.1891766396944043
1370,0,de-info-routing,2,0.6993635325205119
1609,1,cal-hostpkg-boot,3,0.3100172627896945
1371,1,de-info-routing,2,0.6993635325205119
1695,1,skywarp-punt,4,0.41569543858630936
1233,1,asr9k-rp-l2mcast,5,0.2751039788444778
1382,0,infra-license,3,1.6773072921339005
469,1,infra-spio,3,0.33546435360625043
341,1,asr9k-laserbeak-lc,2,1.2908518333627097
1089,1,mgbl-netconf,3,0.32298674604149175
632,0,flexr-asr9k-envmon,3,1.6325817375588232
883,1,qfp-bqs-mgr,2,0.17054343314800405
1281,1,asr9k-100g-serdes,3,2.3682699347443856
844,0,infra-subdb,3,2.9495402987172996
983,1,asr9k-i2c,3,2.356249632540767
1498,0,panini-spp,2,0.16960280851226295
1321,1,infra-test-xrut,6,0.18673721289935494
1532,0,man-xml-ttyagent,3,0.1820803362203458
336,0,spa-infra,3,0.2379465870337718
135,1,processmgr,4,0.16621840406982008
1581,1,asr9k-typhoon-qos,3,2.032632076557474
70,0,asr9k-sc-shelfmgr,3,3.9625976076527736
1600,0,l2vpn,3,5.587461184217307
305,1,ip-pfilter,3,0.4636683907795891
1454,0,insthelper,2,0.6194677470146287
1683,1,thirdparty,4,0.24204483750170355
24,0,infra-rds,3,0.1800202806317339
286,0,asr9k-10g-serdes,3,1.6509922794829557
477,1,vman,3,1.5967080124528663
269,1,calvados-am,3,0.20771245980749056
86,0,infra-showtech,3,1.3674546162778236
403,1,flexr-asr9k-xml,4,0.15704822468976473
1434,0,asr9k-qfp-mlppp,2,0.20943801109394997
1052,0,asr9k-fpd,3,4.0581932067422
226,0,asr9k-flexr-eobc,3,1.0176686411595885
1176,0,asr9000-docs,3,2.6957133790285392
414,0,mpls-oam,3,0.35839949699890644
1350,0,asr903-bfd,3,0.22106648778718918
548,0,tomahawk-asic,4,1.0471462751719562
1466,0,asr9k-spa-choc48,3,0.46517269193212263
66,0,asr9k-mgbl-scf,4,0.6108073583231353
184,0,infra-pakman,2,0.43390904689840365
165,1,asr9k-lc-laserbeak,3,1.831650516400331
1543,1,asr9k-mpls,3,2.273076286457983
1387,1,os,3,0.6072679001036521
1608,0,cal-hostpkg-boot,3,0.3100172627896945
701,1,policy-clientlib,2,0.17364681903098048
454,0,onep-xr-infra,4,0.17364681903098048
186,0,asr9k-spp-dpaa,4,0.24393215546203573
1598,0,mgbl-yang,3,1.1040775627620039
1256,0,ethernet-lmi,4,0.1610601317593846
1584,0,ism-cgv6-app,3,1.1460354178496837
318,0,asr9k-flexr-fpd,3,0.21795594027729326
590,0,asr9k-ip,3,1.2919894910256489
333,1,envmon,4,0.18750439318565326
257,1,snmp-lib,2,0.43533186965974646
1595,1,asr9k-sip-mcast,3,1.9373578394178694
677,1,asr9k-aib,3,0.9248360076885029
623,1,bundlemgr,3,1.9760907461234545
1334,0,qfp-irb,4,0.626024026156821
179,1,asr9k-rb-bios,3,0.4364444586760322
851,1,asr9k-pcds,5,0.17969363899658877
93,1,asr9k-vkg-np-lib,3,0.6619257882339172
365,1,infra-async,2,0.1856748726282116
1526,0,sonet-fsync,4,0.26863258709476895
919,1,package-labels,5,0.6761549396365648
153,1,asr9k-qfp-l2vpn,3,0.8398801754936275
1137,1,asr9k-inline,4,1.665768473514894
537,1,asr9k-sc-invmgr,3,4.595438836995715
1071,1,pfi-eint,2,0.8205361700662889
255,1,icpe-infra,3,3.6888206337431333
1602,0,asr9k-qfp-netflow,2,0.3090088547274211
11,1,fr-common,2,0.16956086449145802
1034,0,asr9k-qfp-infra,3,0.8868537170673519
1692,0,asr9k-dpaa,3,1.5522339887199448
106,0,asr9k-pm,3,4.386514562267061
1503,1,tools-smu,2,0.21131692351557851
610,0,infra-xoslib,2,1.2197081152718205
1354,0,asr9k-fhrp,3,0.47193106374644794
1170,0,asr9k-clm,3,0.8984922283294047
32,0,asr9k-pfm,4,1.2908522514572704
1062,0,infra-syslog,3,0.4603665189664173
1517,1,asic_error,3,0.2330215697217998
21,1,asr9k-mgbl-snmp,3,0.39465873174449195
1474,0,igmp-snoop,3,2.871494206005121
1567,1,mcast-rib,2,1.3725845814663495
586,0,infra-watchdog,3,0.23087220048791637
970,0,fr-vcm,2,0.2596799211789225
15,1,asr9k-np-driver,3,2.633039129318559
1524,0,platforms-compmgmt,2,0.21486285194911608
1580,0,asr9k-typhoon-qos,3,2.032632076557474
1249,1,asr9k-rb-lnx-fwd,3,0.3801190561240145
915,1,c12k-spainfra,3,0.19101612274166208
967,1,platforms-cem,2,0.35170933746861066
939,1,acme_process,4,0.2524075671756721
63,1,asr9k-qfp-ipmcast,3,1.1960943528940373
626,0,ccn-sr,3,0.4766881418105276
386,0,asr9k-rsp4s,2,0.48389772689706184
1687,1,asr9k-trident-qos,3,0.5219862261799437
835,1,asr9k-infra-ltrace,3,0.20889313463730277
1702,0,ethernet-interflex,3,0.5585260248428788
1560,0,platforms-scf,4,1.1026334891378904
964,0,lisp,3,0.37224509990508214
796,0,asr9k-fab-arb,3,1.9949280135056329
1455,1,insthelper,2,0.6194677470146287
783,1,asr9k-bng,3,3.030324599454368
542,0,asr9k-sip700-l2vpn,3,2.2211814792907862
1145,1,ppp-ea,2,0.17905846259194108
216,0,asr9k-qfp-ucode,2,0.28880393292696893
1576,0,tunnel-l2tun,3,1.1183586707118796
170,0,infra-service_mgr,3,2.2159806426634483
498,0,asr9k-choc12,3,1.2365220745148022
1487,1,wanphy,3,0.5768862292470546
1130,0,crypto-spm,3,0.15759579017132738
921,1,asr9k-ipmcast,3,5.707369792053188
836,0,snmp-pingmib,3,0.2366016529351795
1066,0,package-mdata-comp,3,0.166320374875325
900,0,snmp-ifmib,2,1.112438469138861
399,1,asr9k-vsm-cgv6-app,4,1.0090515947768801
1394,0,iox-swan-agent,3,0.9334276474201141
171,1,infra-service_mgr,3,2.2159806426634483
271,1,ha-lrd,3,0.21869561587549147
1080,0,ipv6-apps,3,0.20684509671732237
1396,0,buildx-compile,3,0.16975127205933832
304,0,ip-pfilter,3,0.4636683907795891
914,0,c12k-spainfra,3,0.19101612274166208
41,1,ptp,3,1.1819244483300795
551,1,subscriber-sint,2,0.23350024513783593
1696,0,dwdm_ui,2,1.3539034446715696
599,1,asr9k-qfp-ha,2,0.28827390200836683
748,0,asr9k-sat-qos,3,2.015866824110876
307,1,phys-t3e38209,3,0.2918894839478996
527,1,service-se-infra,3,0.41732057421033486
1426,0,crypto-cepki,3,0.3294930606965151
616,0,asr9k-vista,2,0.18843877204434709
405,1,asr9k-slingshot,2,0.23231964821324247
1091,1,asr9k-spa-pos,3,1.4608715441417188
1138,0,ip-rib,2,1.9481310680548056
977,1,qos-client,2,0.20115017679448077
520,0,iox-iphc,3,0.28520953773252844
846,0,asr9k-flexr-media,3,0.21219056908498263
1073,1,ethernet-cfm,3,1.8721079444541278
62,0,asr9k-qfp-ipmcast,3,1.1960943528940373
438,0,drivers-vpa-infra,2,0.3249698889210087
1375,1,flexr-asr9k-obfl,2,0.24601114965383764
515,1,infra-vman,3,0.15
1224,0,tools-sdl-scf,6,0.1684816036340099
1701,1,qfp-mlppp,3,0.7664201483305874
1029,1,crs-shelfmgr,2,0.16837588412661583
824,0,nto-shell,3,0.27550091889336736
740,0,ipv4-netio,2,0.22520597850093224
490,0,dhcp,2,3.8389567613279505
1274,0,ip-daps,3,1.903950520294228
1316,0,subscriber-util,3,0.3102254304949481
1063,1,infra-syslog,3,0.4603665189664173
1705,1,vios,3,0.21145573147117885
1198,0,li,3,1.5277164913135923
1534,0,ethernet-mvrp,3,0.20766479687297668
522,0,asr9k-intf-link,3,0.43888460649412125
1191,1,asr9k-ether-ctrl,3,6.501842893776416
1165,1,g709,2,0.1675363202889762
375,1,chips-roma,3,0.4251896337699957
256,0,snmp-lib,2,0.43533186965974646
1141,1,policy-repository,3,0.7429140195412275
1174,0,spp-core,3,0.40609100587533525
789,1,ip-ancp,3,1.3952431955264817
401,1,asr9k-hw-forge,2,0.526416429608175
1167,1,lrd-inventory,2,0.16024348046980277
924,0,mpls-lsd,2,2.033884615140998
83,1,asr9k-bin,4,0.29895229500784193
154,0,snmp-sensormib,3,0.206906085165869
312,0,asr9k-cluster,3,2.571586406247283
1345,1,asr9k-apm,3,0.9985398187046188
1586,0,dcm,1,0.2961162057725005
1582,0,aaa-radius,3,2.0109723380554985
687,1,asr9k-copp,3,1.6264743061927351
176,0,asr9k-pyro,2,1.4288611548708756
1266,0,spp-dpaa,6,0.17980118291255884
1444,0,flexr-asr9k-led,4,0.9501542091459444
263,1,asr9k-havok,2,0.2947824128177021
658,0,asr9k-qfp-uidb-mgr,2,0.20712939337147637
107,1,asr9k-pm,3,4.386514562267061
525,1,manageability-perf,3,0.3774725081517422
447,1,infra-event-mgr,2,0.21378418703173466
1568,0,asr9k-qfp-li,3,0.32582549108458836
1558,0,ipv6-ospfv3,3,1.0266962542583593
980,0,asr9k-cpp-bfd,4,0.4659819114107821
735,1,asr9k-sip700-iw,3,0.27061588150224936
192,0,spp-offload-core,2,0.19579031690569604
617,1,asr9k-vista,2,0.18843877204434709
265,1,mpls-mldp,2,0.28488946129723164
1067,1,package-mdata-comp,3,0.166320374875325
1100,0,asr9k-prm,3,9.681321411942891
1084,0,platforms-lib,3,0.26234518900473025
1220,0,asr9k-mt-fc2,2,0.816827692155391
132,0,qfp-punt-internal,2,0.6712562788959473
381,1,qfp-oslib,4,0.2125965802285495
482,0,mpls-base,2,0.20762412761802412
1142,0,asr9k-forge-lionsw,4,0.5894150253385299
690,0,infra-ital,3,0.39151202809968044
449,1,asr9k-trident-acl,3,0.2883055642807409
1392,0,asr9k-qfp-memmgr,5,0.18995011544589854
112,0,compmgmt,3,0.23785584641073368
64,0,asr9k-mgid,3,1.58573179024052
1094,0,spa-infra-fpd,3,0.24764174631320532
956,0,ethernet-link-oam,3,0.966125429589579
1470,0,asr9k-media,3,2.5320259412301476
78,0,asr9k-cavecreek-gb,6,0.21402999852855306
396,0,vxlan,3,1.8731004239923075
1688,0,lib-replicator,3,0.18865904268802078
952,0,lpts-pre-ifib,3,0.4709422053899827
634,0,gcplane-afea,2,0.23876728382601095
426,0,calvados-forge-pkg,3,0.30687799909824626
989,1,asr9k-call-home,4,0.6357660772442509
43,1,asr9k-mdr,3,0.24065852512716127
1589,1,service-infra-rspp,4,0.18772426308689663
1451,1,sonet-aps,2,0.9391763636170913
585,1,asr9k-qos,3,7.942163295022675
1398,0,mpls-lspv,3,1.1261682086937073
416,0,asr9k-tsec,2,0.5651438449850582
1308,0,asr901-nv,3,0.6451578324100308
571,1,ipv6-nd_lite,2,0.27441000575110264
1262,0,acl,3,2.2804304854382695
1385,1,asr9k-suprcolossus,2,0.7774474198546204
1464,0,sdac-satellite,3,3.5100898555627693
169,1,qos-lib,3,0.6120323219169918
1032,0,asr9k-cpp-mcast,3,0.9640930177582246
1208,0,powermib,2,0.21549549752176886
241,1,skywarp-ether-ctrl,3,0.4112855605222246
262,0,asr9k-havok,2,0.2947824128177021
738,0,calvados-pm,3,0.2297474114287273
1681,1,infra-test,4,0.20817934874714714
356,0,mka,2,1.2308111101308963
563,1,flash-mib,4,0.47203556733115476
1283,1,ha-eem-call-home,2,0.25674830065382387
959,1,asr9k-icpe,3,2.5879357779164627
1227,1,asr9k-l3vpn,3,0.5996882436763762
387,1,asr9k-rsp4s,2,0.48389772689706184
949,1,smart_lic_agent,2,1.6202702043636454
618,0,asr9k-mlp,3,0.8385784192718537
1088,0,mgbl-netconf,3,0.32298674604149175
488,0,asr9k-cpp-ip-ea,3,0.26165845292648826
1661,1,infra-imdr,4,0.2184263358585682
1413,1,nto-misc,3,0.27489102894601414
1069,1,asr9k-attach,3,0.37205416602102326
364,0,infra-async,2,0.1856748726282116
1513,1,mpls-ldp,2,2.028285884230867
712,0,asr9k-rommon,3,3.500651284173236
303,1,asr9k-rb-th,4,0.3797780053012043
1275,1,ip-daps,3,1.903950520294228
1518,0,onep-infra,3,1.898469724192028
1421,1,asr9k-fib-thor,3,1.5460338397644149
547,1,asr9k-sw-forge,3,3.1961475271032045
301,1,asr9k-calvados,4,1.4524460436324182
246,0,infra-tmplmgr,3,0.9361232803547626
266,0,nto-serpci,5,0.22290875583797906
815,1,asr9k-intf-stats,2,0.4873474134050625
947,1,spp-offload-1588,3,0.2765389628470526
1459,1,ipv6-acl,3,0.8948654737931508
640,0,ipv4-telnet,2,0.25816749053924254
1573,1,s-otn-controller,2,0.30167934556901915
714,0,qfp-ha-internal,3,0.5634657690588613
1494,0,asr9k-doc,4,0.8277413252382065
622,0,bundlemgr,3,1.9760907461234545
1432,0,ipv4-ma,2,1.6620091383213351
1277,1,crypto-ipsec,2,0.25674830065382387
1217,1,asr9k-qfp-driver,2,1.2097378410936859
1093,1,asr9k-fib,2,4.458796373201899
29,1,asr9k-fib-typhoon,3,0.6693237444538448
944,0,apache-thor,3,0.8965467197442202
1251,1,infra-aipcproxy,2,0.6461611195614698
572,0,eigrp,2,1.0982331994705714
230,0,asr9k-ipsub,3,1.1597474882142949
1268,0,ipv4-acl,3,0.8689674918337085
803,1,asr9k-jug-fpga,2,0.5621915553286516
431,1,pbr,3,2.4604324650390685
456,0,qos-ma,3,2.8172935170959126
1059,1,asr9k-cpp-fib-ipv4,3,0.39747351614413645
843,1,spabrg-marmot-drv,4,0.3581690901154281
878,0,asr9k-cpp-fib-mpls,3,1.2056477842804871
673,1,asr9k-ipsec,3,2.6623041264904423
451,1,hardware,2,1.5062279780343233
1536,0,infra-rdsfs,2,0.28346646170698037
92,0,asr9k-vkg-np-lib,3,0.6619257882339172
628,0,asr9k-vidmon,3,2.7437335402689405
264,0,mpls-mldp,2,0.28488946129723164
864,0,tunnel-vpdn,3,2.5144152982626315
1250,0,infra-aipcproxy,2,0.6461611195614698
297,1,asr9k-asicerr-lib,3,0.18774181404167453
612,0,ip-domain,2,0.5042623154022245
1213,1,asr9k-tmhwk-asic,3,0.21326474003373858
755,1,asr9k-mgidrefcount,4,0.7457673624359132
121,1,calvados-install,1,0.25000966571231703
1441,1,infra-processmib,3,0.19624844847569864
291,1,qos-mib,3,0.16817943967678442
361,1,common-acct-srv,2,0.27651502992361077
44,0,ip-lisp,2,0.15819071078350613
569,1,ethernet-stp,3,2.17124136778535
1,1,vui-legacy,2,0.2899770704924693
218,0,infra-time,3,0.308923116125117
1053,1,asr9k-fpd,3,4.0581932067422
134,0,processmgr,4,0.16621840406982008
363,1,config-cfgmgr,2,1.7469425181274274
543,1,asr9k-sip700-l2vpn,3,2.2211814792907862
646,0,asr9k-forge-cgn-xr,3,2.772426696535903
99,1,asr9k-spa-cht3,3,0.5185598629610397
1169,1,colossus,2,0.31095329325178994
708,0,mcast-pim,2,1.6431253160318207
825,1,nto-shell,3,0.27550091889336736
84,0,param-svc,4,0.33326201384169474
1311,1,ip-dhcp,3,0.6516563055458576
695,1,asr9k-40g-serdes,3,1.614496915795347
415,1,mpls-oam,3,0.35839949699890644
162,0,infra-mibs-empmib,2,0.20241226063976925
1401,1,asr9k-install,3,2.6279725601106403
81,1,sla,2,0.2173230251145165
1496,0,asr9k-span,4,1.2296648958466507
1552,0,tunnel-gre,3,1.9515502275637853
1074,0,csa-rb,4,2.081964356053506
1344,0,asr9k-apm,3,0.9985398187046188
383,1,ifmgr,2,2.0846998949381375
1082,0,vpa-gladiator-fpga,2,0.19055895158973069
1437,1,openflow-agent,3,1.7883815129037008
1201,1,ism-dispatcher,4,0.44610614474572785
1708,0,asr9k-avsm-board,3,0.36359699825619884
1644,0,nrs,2,0.6767184810165761
861,1,xmen-sanity,1,2.0492068647149564
756,0,infra-ldap,3,0.18455507366994298
1050,0,qfp-ipucast,3,0.6158161062123328
841,1,xr_pi_mgbl,5,0.3226488607471433
252,0,ipv4-smiap,3,0.2152211838310034
859,1,onep-element,3,1.0392586213054744
1407,1,phys-cem,2,0.576452788211402
247,1,infra-tmplmgr,3,0.9361232803547626
1230,0,multilink3020,3,0.23969928615060532
897,1,rsm-spa-issu,6,0.30174512770472256
629,1,asr9k-vidmon,3,2.7437335402689405
966,0,platforms-cem,2,0.35170933746861066
1057,1,asr9k-pagent,5,0.16530573883739846
1642,0,asr9k-act,3,0.29118516906981756
91,1,bfd,4,0.3077175317798684
555,1,compmgmt-devicemgr,4,0.23740880537381137
420,0,asr9k-sip-l2mcast,4,0.7498248776548923
1365,1,asr9k-calv-pwrmon,5,0.3157009796170008
517,1,i2ss,6,0.21425680904440675
1433,1,ipv4-ma,2,1.6620091383213351
440,0,package-base,3,0.3179148496433602
1185,1,asr9k-wx-board,2,1.2053264949036238
1640,0,c12k-smdc,6,0.19943341683451793
689,1,asr9k-icpe-ea,4,1.5848761644420943
1497,1,asr9k-span,4,1.2296648958466507
1210,0,infra-obj-mgr,2,0.422386387125973
1369,1,asr9k-100g-mac,3,0.993739469273951
867,1,ipv4-hsrp,2,0.7355129174434912
918,0,package-labels,5,0.6761549396365648
74,0,asr9k-fib-ipv6,2,0.4654548466613768
1615,1,build,3,1.605262197316829
1143,1,asr9k-forge-lionsw,4,0.5894150253385299
1192,0,asr9k-macsec,4,1.0394015878440699
613,1,ip-domain,2,0.5042623154022245
1651,1,segment-routing-ms,3,0.3119624728338815
885,1,config-cli,5,0.4799593582390244
698,0,snmp-frucontrolmib,2,0.23280932918352473
105,1,asr9k-colossus,2,1.171070463914555
281,1,asr9k-lda,3,2.199450751938292
968,0,ipv4-tftpd,3,0.25248558815705574
1060,0,fhrp,6,0.24065852512716127
770,0,qfp-class-internal,4,0.15948330138861952
1360,0,ipv4-fib,3,0.555806218245016
799,1,mcast-snoop,3,1.0017808501456353
1200,0,ism-dispatcher,4,0.44610614474572785
1659,1,asr9k-triage,2,4.841152908768486
56,0,asr9k-ha,4,1.746767433561781
362,0,config-cfgmgr,2,1.7469425181274274
732,0,juggernaut-board,2,0.27696808752372787
855,1,mpls-tp-oam,2,0.37296259486854333
474,0,icpe-util,3,0.5188719929583298
972,0,asr9k-cc-ctrlbus,2,0.3008962120670896
1028,0,crs-shelfmgr,2,0.16837588412661583
772,0,virt-infra,3,0.32019094373880214
1430,0,calvados-build,4,0.3663796614729882
1180,0,asr9k-ceth,3,2.7911416559441973
1189,1,ipv4-igmp,3,0.7546103839028474
1453,1,asr9k-sat-ucode,2,0.5682749557934532
1009,1,ipv6-dhcp,3,2.515998499764201
1522,0,de-info-infra,2,0.4571697572187316
1140,0,policy-repository,3,0.7429140195412275
1083,1,vpa-gladiator-fpga,2,0.19055895158973069
227,1,asr9k-flexr-eobc,3,1.0176686411595885
14,0,asr9k-np-driver,3,2.633039129318559
744,0,asr9k-sim-infra,3,0.24491799064254746
177,1,asr9k-pyro,2,1.4288611548708756
1014,0,xr_pi_rinfra_lpts,3,0.22692563421368328
1500,0,vkg-sanity,4,0.8477733811206865
6,0,iedge4710,3,5.550864214669205
737,1,asr9k-compmgmt,3,0.7223030037952012
1164,0,g709,2,0.1675363202889762
1302,0,l2protocols-vlan,3,0.2424221778184364
38,0,snmp-entitymib,2,0.5633502693716449
272,0,package-mdata-base,3,0.20795320364688077
726,0,subscriber-srg,3,2.8655366169846213
917,1,asr9k-thor-qos,3,1.2830613830767819
602,0,infra-rmf,3,0.71769800340521
507,1,infra-triage,2,0.2136404136228694
582,0,ipsub_ma,3,0.16024348046980277
159,1,aaa,3,2.433183534847875
347,1,asr9k-spa-ceop,3,1.2141138895809647
1184,0,asr9k-wx-board,2,1.2053264949036238
308,0,asr9k-sc-nodeid,4,0.6863537050498552
393,1,qfp-ipmcast,3,0.8542508050730742
68,0,crypto-ssh,3,0.7375725239906572
954,0,asr9k-icsso,3,0.44726819546473257
821,1,http,3,0.3831432144173846
672,0,asr9k-ipsec,3,2.6623041264904423
700,0,policy-clientlib,2,0.17364681903098048
788,0,ip-ancp,3,1.3952431955264817
679,1,se-cgn,3,1.6602554496912618
745,1,asr9k-sim-infra,3,0.24491799064254746
1181,1,asr9k-ceth,3,2.7911416559441973
404,0,asr9k-slingshot,2,0.23231964821324247
1197,1,flexible-netflow,6,0.8423743997238635
1448,0,asr9k-typhoon-tm,3,0.4019685882992515
1269,1,ipv4-acl,3,0.8689674918337085
685,1,qfp-qos,3,0.9053738161917021
764,0,asr9k-rb-vkg,4,0.24541040249068882
432,0,drivers-ether,2,0.18576867312855316
140,0,infra-qnet,2,0.18053300233980613
1151,1,asr9k-rp2,1,1.2892374984964212
1098,0,asr9k-fib-common,3,3.935798150334461
1243,1,infra_enf,2,0.2679074142351745
1131,1,crypto-spm,3,0.15759579017132738
716,0,pfi-ctrlio,4,0.1967509369131169
1076,0,tty-infra,4,0.27761093596427466
908,0,icpe-triage,2,0.16024348046980277
338,0,asr9k-flexr-hostos,3,1.6090719928830768
1005,1,asr9k-rb,3,1.8566274688610283
1240,0,asr9k-ether-ea,3,2.884413887907129
1012,0,asr9k-l3-ucode,4,2.096515615721699
1547,1,asr9k-1g-phy,2,0.2188231052688214
1356,0,error-disable,2,0.2392643000029589
250,0,asr9k-fpgalib,3,0.8668319117277167
5,1,skywarp-infra,4,1.3655006903900448
782,0,asr9k-bng,3,3.030324599454368
1081,1,ipv6-apps,3,0.20684509671732237
927,1,infra-syslogmib,2,0.4648005370257918
1092,0,asr9k-fib,2,4.458796373201899
145,1,asr9k-spa,3,0.8449637256361207
1150,0,asr9k-rp2,1,1.2892374984964212
791,1,ipv6-io,2,0.4060011254642286
234,0,infra-dumper,3,0.3745185842609488
419,1,csa-rb-bios,3,0.7967433395088931
1429,1,optics_ctrl,2,0.37907472988971
857,1,snmp-mibs-ipmibs,2,1.0127479527980656
109,1,spp-offload-cfm,3,0.35431927888999337
237,1,asr9k-pos-linkbndl,3,1.2203900546357147
430,0,pbr,3,2.4604324650390685
1322,0,ha-rmf,3,0.2278166255718526
957,1,ethernet-link-oam,3,0.966125429589579
1254,0,asr9k-dlm,3,0.9525850783074802
296,0,asr9k-asicerr-lib,3,0.18774181404167453
1635,1,asr9k-bundlemgr,3,3.060831278723115
1055,1,infra-xrds-shim,2,0.4280494378303787
1103,1,qfp-diags-internal,3,0.2068253483220742
705,1,asr9k-cc-invagnt,2,0.19501297013352417
1252,0,asr9k-gaspp,3,0.2209582349974311
674,0,ip-lib,3,0.1899616096673076
1447,1,asr9k-cpp-urpf,3,0.15819071078350613
155,1,snmp-sensormib,3,0.206906085165869
395,1,ip-tcp,2,1.005638684389318
1132,0,infra-distrib,2,1.0038161634913139
427,1,calvados-forge-pkg,3,0.30687799909824626
1337,1,infra-rsi,2,1.2860639627703692
682,0,asr9k-ironman-qos,2,0.4567594999843684
320,0,asr9k-pci,3,2.7233667861388176
1704,0,vios,3,0.21145573147117885
300,0,asr9k-calvados,4,1.4524460436324182
290,0,qos-mib,3,0.16817943967678442
151,1,mpls-vpn-mib-rsi,3,0.21289042576039824
79,1,asr9k-cavecreek-gb,6,0.21402999852855306
1117,1,wan-lib,3,0.18323292398016366
1612,0,ipv6-ma,2,1.4513544228711286
1650,0,segment-routing-ms,3,0.3119624728338815
100,0,asr9k-starscream,2,0.5756619801070949
1121,1,lpts-ifib,3,0.2146647771119411
530,0,bcdl2,2,0.20679182882518407
1663,1,plat-skywarp-tgt,3,0.31698852570603464
25,1,infra-rds,3,0.1800202806317339
721,1,snmp-sessionmib,3,1.2028446352058988
1122,0,ipv6-nd,2,1.9626112070802104
1290,0,asr9k-rsp-fpgas,3,3.262174804357368
912,0,fr-common-mibs,3,0.1785437363636299
961,1,mb-ipsec,3,2.398199869820815
697,1,inventory-infra,4,0.2634585678037785
479,1,plat-common-gsp,2,0.28581303069103126
909,1,icpe-triage,2,0.16024348046980277
1054,0,infra-xrds-shim,2,0.4280494378303787
180,0,fr-uber-ver,2,0.1697267818584221
1561,1,platforms-scf,4,1.1026334891378904
337,1,spa-infra,3,0.2379465870337718
1715,1,compmgmt-io,4,0.15899223973694573
696,0,inventory-infra,4,0.2634585678037785
288,0,infra-shmalloc,3,0.1997168990718576
1287,1,ipv4-ospf,3,1.8552296445154337
467,1,asr9k-kernel,3,0.6547979145518552
59,1,gdp-ucode,5,0.39620085847109615
1172,0,infra-redfs,2,0.18773634408170786
1242,0,infra_enf,2,0.2679074142351745
468,0,infra-spio,3,0.33546435360625043
357,1,mka,2,1.2308111101308963
780,0,pie,3,0.8735165542676232
208,0,asr9k-ep-oir,2,0.22532667573012083
886,0,asr9k-flexr-pcie,5,0.4821164952977937
820,0,http,3,0.3831432144173846
144,0,asr9k-spa,3,0.8449637256361207
131,1,exec,2,0.2697225248668842
1377,1,asr9k-rsp4,2,1.7723090945340205
552,0,l2rib,3,0.8432234416945815
1462,0,ethernet-mrp,3,0.5670774044580481
65,1,asr9k-mgid,3,1.58573179024052
1346,0,asr9k-calv-obfl,3,0.2297474114287273
55,1,nv-9000v-img,3,2.209525690461438
913,1,fr-common-mibs,3,0.1785437363636299
1175,1,spp-core,3,0.40609100587533525
350,0,asr9k-l2vpn,3,8.504748851006283
185,1,infra-pakman,2,0.43390904689840365
1660,0,infra-imdr,4,0.2184263358585682
1565,1,snmp-agent,2,1.7945600273490518
728,0,clns-isis,2,2.137617763838094
1126,0,asr9k-cpu-infra,5,1.4621049455825574
1038,0,asr9k-tftpserv,3,0.2437140074738625
1119,1,spirit-issu,3,0.23125142065022056
199,1,xr_pi_l2vpn,2,0.18613979579109982
1006,0,lpts-lib,2,0.4239423948665428
1625,1,qos-policy,4,0.21333213527796338
1206,0,asr9k-lc-cmn,3,0.15759579017132738
1501,1,vkg-sanity,4,0.8477733811206865
1157,1,pixr-platform,1,0.2030312695655209
1299,1,asr9k-sip700-infra,3,3.3985572422274632
1423,1,ipv6-mfwd,3,0.27026079357667104
1393,1,asr9k-qfp-memmgr,5,0.18995011544589854
1450,0,sonet-aps,2,0.9391763636170913
1041,1,onep-routing,3,0.8020113298871009
633,1,flexr-asr9k-envmon,3,1.6325817375588232
1622,0,shellutil,3,0.21173255671939997
962,0,ipv6-ea,2,0.15
1183,1,aaa-locald,3,0.7367050596382401
1232,0,asr9k-rp-l2mcast,5,0.2751039788444778
1529,1,chips-milan_framer,3,0.2314616815593789
1112,0,afmon-mib,3,1.0366091192190448
868,0,ip-rsvp,2,1.054229823641185
588,0,spa-ser-te1,4,0.19579031690569604
946,0,spp-offload-1588,3,0.2765389628470526
496,0,asr9k-mofrr,2,0.9230683413351835
113,1,compmgmt,3,0.23785584641073368
1166,0,lrd-inventory,2,0.16024348046980277
95,1,asr9k-innovation,6,0.23264800534169833
450,0,hardware,2,1.5062279780343233
215,1,ha-eem,2,0.9227468100212066
349,1,aaa-tacacs,2,0.4248722342991453
866,0,ipv4-hsrp,2,0.7355129174434912
1042,0,evpn,3,2.192431664078462
1439,1,asr9k-fabmgr,2,2.0365527562147503
425,1,infra-aipc,2,0.5473335144103154
1563,1,clns-io,3,0.22287039368773995
691,1,infra-ital,3,0.39151202809968044
680,0,asr9k-diags-online,3,2.2604845052997895
1677,1,asr9k-sab8,2,0.20677038110749751
1618,0,infra-statsd,3,0.3810388656410545
352,0,asr9k-spp-e1000,5,0.2795221299770581
1075,1,csa-rb,4,2.081964356053506
1402,0,asr9k-flexr-ha,4,1.269217868093963
311,1,aaa-attributes,4,0.7359932638292149
1263,1,acl,3,2.2804304854382695
647,1,asr9k-forge-cgn-xr,3,2.772426696535903
808,0,calvados-shelf,2,0.26925304367283115
1707,1,asr9k-lc-2p100g,4,0.32361446229349433
60,0,qfp-mpls,3,0.663416644658064
1342,0,pppoe-ea,3,0.1820803362203458
648,0,l2-eth-common,3,0.2697516362391129
1718,0,sysdb,2,2.9942060538345205
1272,0,asr9k-abf,3,0.7399961961568531
985,1,asr9k-octane-otn,2,1.0708320262818403
991,1,cdp,2,0.44660179426335417
1304,0,others,2,0.22321237316628145
1223,1,qfp-driver,4,1.2701788821203792
17,1,asr9k-avsm-fwd,3,1.6745116223590106
1156,0,pixr-platform,1,0.2030312695655209
58,0,gdp-ucode,5,0.39620085847109615
743,1,asr9k-mlan,3,1.422158125267496
675,1,ip-lib,3,0.1899616096673076
615,1,mcast-igmp,2,0.616852062008866
575,1,infra-placed,2,0.39557084801027237
901,1,snmp-ifmib,2,1.112438469138861
277,1,afmon-ma,3,0.9026272923859278
805,1,mcast-plat-default,2,0.4414765372708275
274,0,aaa-test,3,0.20918759660552833
762,0,gimli-dt-triage,2,0.18717810555684455
443,1,ip-ntp,2,0.23637207242692637
670,0,parser,3,2.30614096536674
391,1,sonet-local,2,0.37833764467834197
979,1,asr9k-testbench,3,1.4542689543280265
1477,1,snmp-rttmonmib,3,0.17720360417940037
1604,0,ipv6-pim,3,0.3092695720924864
351,1,asr9k-l2vpn,3,8.504748851006283
1516,0,asic_error,3,0.2330215697217998
1168,0,colossus,2,0.31095329325178994
143,1,ppp-ma,3,2.4693481464717046
1293,1,service-ipsec-app,3,0.9480024568147843
971,1,fr-vcm,2,0.2596799211789225
114,0,asr9k-cgn-avsm,3,3.0009425186590235
1590,0,chips-nsco-fpga,3,0.2136319022475972
9,1,avsm-board,2,0.6417018796741121
130,0,exec,2,0.2697225248668842
1647,1,asr9k-lrd,3,0.41612717384403375
120,0,calvados-install,1,0.25000966571231703
1691,1,spp,2,1.0308034363854717
1330,0,valhalla,2,0.2802147107141278
1219,1,asr9k-cpp-fib-ipv6,2,0.49051947502621696
940,0,snmp-udp,2,0.20883193461343297
1680,0,infra-test,4,0.20817934874714714
624,0,pcds,4,0.18181852892512587
1486,0,wanphy,3,0.5768862292470546
1528,0,chips-milan_framer,3,0.2314616815593789
340,0,asr9k-laserbeak-lc,2,1.2908518333627097
1162,0,flash-hes,2,0.19208649959584476
1374,0,flexr-asr9k-obfl,2,0.24601114965383764
279,1,ipv4-vrrp,3,0.6708164446341874
1260,0,asr9k-interflex,3,0.8169411574229724
720,0,snmp-sessionmib,3,1.2028446352058988
283,1,asr9k-thor-fwding,3,2.9405564244285403
1043,1,evpn,3,2.192431664078462
533,1,asr9k-thor-spa,2,1.1678502033088072
49,1,igp-igpte-lib,2,0.2864721946987015
1634,0,asr9k-bundlemgr,3,3.060831278723115
1555,1,asr9k-fpd-firmware,3,1.0400136016449464
366,0,ipv4-bgp,2,3.207513201878112
7,1,iedge4710,3,5.550864214669205
767,1,snoop-infra,3,0.21848794301732583
1236,0,qfp-framerelay,2,0.19874773960813125
1629,1,flexr-asr9k-idprom,3,0.5245752918542534
1505,1,qfp-crtp,3,0.5868586035463319
545,1,spa-choc3-ds0,3,0.17064301629425624
260,0,onep-datapath,2,1.3386449778230802
1106,0,c12k-atm,3,0.2136319022475972
116,0,asr9k-dsc,3,1.3916286792445849
1011,1,asr9k-lac,1,0.1657732046671731
1115,1,qfp-acl,3,0.21700995369193976
360,0,common-acct-srv,2,0.27651502992361077
444,0,sub-acct,3,1.6589341020747905
676,0,asr9k-aib,3,0.9248360076885029
1352,0,tty-server,2,0.20696212964484656
1512,0,mpls-ldp,2,2.028285884230867
57,1,asr9k-ha,4,1.746767433561781
19,1,ipv4-multicast,3,0.47485033248405706
196,0,infra-shmwin,2,0.28797265211841033
1301,1,asr9k-tunnel,3,2.8408949540395283
1340,0,asr9k-rb-kernel,3,0.3339173891949076
981,1,asr9k-cpp-bfd,4,0.4659819114107821
1306,0,spa-eth-10ge-hh,3,0.6951069847601278
412,0,infra-mediasvr,4,0.2032630128718944
26,0,asr9k-spirit,4,2.114811156553132
71,1,asr9k-sc-shelfmgr,3,3.9625976076527736
229,1,asr9k-qfp-stats,2,0.1986922322762887
643,1,asr9k-qfp-cem,2,0.3191180941030164
1713,1,debug,3,0.20951569173740722
995,1,iosxrdocs-asr9k,3,0.2906886231205019
1368,0,asr9k-100g-mac,3,0.993739469273951
589,1,spa-ser-te1,4,0.19579031690569604
579,1,asr9k-nsr,4,0.36494164599749807
1101,1,asr9k-prm,3,9.681321411942891
422,0,qfp-l2vpn,3,1.6267986804592067
1187,1,flexr-asr9k-cbc,3,1.6541567866412537
472,0,qfp-l2mcast,4,0.5728287757679509
1279,1,onep,3,1.5056509703403946
1587,1,dcm,1,0.2961162057725005
238,0,snmp-sr-snmpv3,3,0.1989675510451936
1653,1,xr_snmp,3,0.19623409278730333
13,1,policy-shim,2,0.5524069106385393
126,0,ipv4-rip,2,0.22259948952882097
197,1,infra-shmwin,2,0.28797265211841033
1127,1,asr9k-cpu-infra,5,1.4621049455825574
285,1,ethernet-lldp,3,1.8304917238911156
930,0,infra-diana,6,0.20495144068352597
1044,0,asr9k-acl,3,3.632433664399118
1523,1,de-info-infra,2,0.4571697572187316
523,1,asr9k-intf-link,3,0.43888460649412125
774,0,package_mdata_comp,3,0.2129511507857956
1376,0,asr9k-rsp4,2,1.7723090945340205
202,0,asr9k-startup-rp,3,1.8538645774609732
359,1,tty-vty,2,0.4737193310256504
1711,1,asr9k-atm,3,1.0930643576513273
518,0,asr9k-hqt-sc,2,0.1859012722787742
1353,1,tty-server,2,0.20696212964484656
829,1,service-infra-svii,3,0.2668203400313546
1264,0,infra-sld,3,0.19106099859331677
1404,0,sonet-nv,2,0.20755151127722068
40,0,ptp,3,1.1819244483300795
47,1,drivers-vpa-fpga,3,1.0503858336352996
1411,1,asr9k-led,3,0.7255067666184846
1007,1,lpts-lib,2,0.4239423948665428
324,0,pppoe-ma,3,1.6377489461454595
1186,0,flexr-asr9k-cbc,3,1.6541567866412537
1614,0,build,3,1.605262197316829
509,1,asr9k-diags,4,10.217881633612249
666,0,asr9k-spp-tsec,3,0.307136959969422
655,1,thor-iphc-pal,2,0.7755574731724632
935,1,asr9k-platform,3,0.5537277694760857
1123,1,ipv6-nd,2,1.9626112070802104
123,1,mpls-infra,3,0.1807661269483803
1291,1,asr9k-rsp-fpgas,3,3.262174804357368
1533,1,man-xml-ttyagent,3,0.1820803362203458
600,0,csa-rb-fwd,3,0.6618330074053843
1566,0,mcast-rib,2,1.3725845814663495
273,1,package-mdata-base,3,0.20795320364688077
1467,1,asr9k-spa-choc48,3,0.46517269193212263
1639,1,infra-infra,3,0.32539217924513875
1719,1,sysdb,2,2.9942060538345205
587,1,infra-watchdog,3,0.23087220048791637
969,1,ipv4-tftpd,3,0.25248558815705574
1194,0,csa-rb-vkg,4,0.4713803777243558
645,1,asr9k-ipu-sw,2,1.1749183038385183
625,1,pcds,4,0.18181852892512587
1326,0,c12k-asr9k-cpp-acl,3,0.24242871746203362
512,0,upgrade-fpd,3,0.290025887489189
244,0,asr9k-startup,2,0.35096989955530694
1579,1,ACL,2,0.310989386653764
702,0,mcast-infra,2,0.4034464216597297
681,1,asr9k-diags-online,3,2.2604845052997895
661,1,snmp-ifindex,2,0.6317402960785613
1048,0,lpts,3,0.40763324620679675
445,1,sub-acct,3,1.6589341020747905
322,0,asr9k-flexr-ipu,3,0.2903448641459596
719,1,freqsync,3,1.049307707662348
190,0,flowspec,3,0.937974028906007
23,1,platforms,3,0.42492462418378496
692,0,asr9k-iphc-pal,2,0.1985522989619317
865,1,tunnel-vpdn,3,2.5144152982626315
1008,0,ipv6-dhcp,3,2.515998499764201
471,1,ethernet-g8032,3,0.9867119989897817
703,1,mcast-infra,2,0.4034464216597297
1025,1,afmon-lib,3,1.0179217408672014
899,1,asr9k,2,1.0131523137000593
1102,0,qfp-diags-internal,3,0.2068253483220742
657,1,asr9k-qfp-pal-thor,2,0.31073301493181854
1412,0,nto-misc,3,0.27489102894601414
536,0,asr9k-sc-invmgr,3,4.595438836995715
223,1,skywarp-bcm-prm,4,1.0390703677206379
1297,1,asr9k-fab-infra,3,2.8699322592545555
460,0,aaa-aaacore,4,1.5658586151901444
1315,1,spirit-ds,3,0.19829167557343041
641,1,ipv4-telnet,2,0.25816749053924254
172,0,asr9k-qfp-acl,3,0.4006227756264578
1270,0,asr9k-l2tp-reass,2,0.16999000488207539
499,1,asr9k-choc12,3,1.2365220745148022
245,1,asr9k-startup,2,0.35096989955530694
483,1,mpls-base,2,0.20762412761802412
327,1,bgp,3,0.18775681192191668
1327,1,c12k-asr9k-cpp-acl,3,0.24242871746203362
437,1,asr9k-sip700-irb,2,0.18827562347306198
240,0,skywarp-ether-ctrl,3,0.4112855605222246
1682,0,thirdparty,4,0.24204483750170355
916,0,asr9k-thor-qos,3,1.2830613830767819
853,1,asr9k-lc-np,3,5.322231447125044
1211,1,infra-obj-mgr,2,0.422386387125973
1482,0,asr9k-avsm-infra,3,3.6747356431811378
1648,0,qos-mibs-qosmi7434,3,0.42780841527225466
335,1,mcast-msdp,2,0.34605501628069585
16,0,asr9k-avsm-fwd,3,1.6745116223590106
1135,1,forge-shelf-ctrl,3,0.39499258652679814
746,0,icpe-sdacp,3,1.5847904197860052
487,1,forge-plat_mdata,4,0.2888298911480222
1381,1,ipv4-pim,2,1.7882736810946862
1409,1,asr9k-qfp-qos,2,0.4672284871476515
1613,1,ipv6-ma,2,1.4513544228711286
837,1,snmp-pingmib,3,0.2366016529351795
1603,1,asr9k-qfp-netflow,2,0.3090088547274211
627,1,ccn-sr,3,0.4766881418105276
1105,1,qfp-infra-internal,3,1.2956104132409596
201,1,qfp-netflow,4,0.8136639676753922
873,1,l2-eth-infra,3,0.9217744723452822
907,1,ipv4-aib,2,0.21713514395880587
1247,1,ipv4-mfwd,2,1.2009938784807443
605,1,ipv4-io,3,0.7347902348998302
466,0,asr9k-kernel,3,0.6547979145518552
410,0,asr9k-l2pioi,3,2.260678674176818
753,1,asr9k-netflow,3,2.687130095900277
1300,0,asr9k-tunnel,3,2.8408949540395283
1410,0,asr9k-led,3,0.7255067666184846
723,1,pcie,2,0.26338358530261524
570,0,ipv6-nd_lite,2,0.27441000575110264
147,1,asr9k-mgbl-xml,3,0.20975610288568905
219,1,infra-time,3,0.308923116125117
1419,1,mcast-mldp,2,0.5394540271942235
1619,1,infra-statsd,3,0.3810388656410545
1601,1,l2vpn,3,5.587461184217307
1403,1,asr9k-flexr-ha,4,1.269217868093963
1418,0,mcast-mldp,2,0.5394540271942235
493,1,asr9k-sc-envmon,3,5.327063353170293
149,1,asr9k-hw-odin,2,0.7659509301891285
978,0,asr9k-testbench,3,1.4542689543280265
1234,0,sonet-mib,3,0.24158543497411678
888,0,sse-ucode,5,1.623615537555821
684,0,qfp-qos,3,0.9053738161917021
1633,1,asg-core,6,0.24547101613980155
660,0,snmp-ifindex,2,0.6317402960785613
898,0,asr9k,2,1.0131523137000593
1656,0,qfp-li,3,0.3806313285342646
353,1,asr9k-spp-e1000,5,0.2795221299770581
481,1,pir-triage,2,0.23697685696581566
254,0,icpe-infra,3,3.6888206337431333
1373,1,asr9k-mr-aps,3,0.3060970318286596
943,1,avsm-fpga,2,0.330487754602892
1049,1,lpts,3,0.40763324620679675
1583,1,aaa-radius,3,2.0109723380554985
453,1,crypto-ssl,2,0.3263761063842031
562,0,flash-mib,4,0.47203556733115476
160,0,asr9k-cpp-fib-cmn,3,1.5744525024038485
1435,1,asr9k-qfp-mlppp,2,0.20943801109394997
1458,0,ipv6-acl,3,0.8948654737931508
54,0,nv-9000v-img,3,2.209525690461438
754,0,asr9k-mgidrefcount,4,0.7457673624359132
729,1,clns-isis,2,2.137617763838094
1476,0,snmp-rttmonmib,3,0.17720360417940037
1617,1,asr9k-punt,3,3.705778112392802
922,0,asr9k-lc-sureshot,3,2.761373732825822
1495,1,asr9k-doc,4,0.8277413252382065
887,1,asr9k-flexr-pcie,5,0.4821164952977937
118,0,asr9k-kdumper,3,1.9392785515121431
1221,1,asr9k-mt-fc2,2,0.816827692155391
775,1,package_mdata_comp,3,0.2129511507857956
417,1,asr9k-tsec,2,0.5651438449850582
1700,0,qfp-mlppp,3,0.7664201483305874
710,0,lpts-pa,2,0.6144988061138695
46,0,drivers-vpa-fpga,3,1.0503858336352996
544,0,spa-choc3-ds0,3,0.17064301629425624
354,0,giro,2,0.6960719688941459
1020,0,flexr-asr9k-fpd,5,1.2862703792670505
1417,1,asr9k-spp,3,2.053769436789417
778,0,fib-mpls,3,0.9046172577512289
1086,0,asr9k-cmn-qnet,2,0.22218489173741932
686,0,asr9k-copp,3,1.6264743061927351
315,1,asr9k-rb-lnx-infra,3,0.3113065163934692
348,0,aaa-tacacs,2,0.4248722342991453
1188,0,ipv4-igmp,3,0.7546103839028474
258,0,bridge-mib,2,0.197618038860181
1424,0,mpls-netio,3,0.6077678968667638
1036,0,spa-2choc12-ds0,2,0.21819563211944665
1636,0,infra-iccp-app-fsm,3,0.559663435900704
489,1,asr9k-cpp-ip-ea,3,0.26165845292648826
813,1,asr9k-qfp-punt,2,0.21478960039968997
1716,0,asr9k-bcm-prm,6,0.3292941478900053
465,1,qfp-bqs-internal,3,0.1684816036340099
1261,1,asr9k-interflex,3,0.8169411574229724
374,0,chips-roma,3,0.4251896337699957
1510,0,fib-hal,2,1.2212964835166464
1395,1,iox-swan-agent,3,0.9334276474201141
1171,1,asr9k-clm,3,0.8984922283294047
69,1,crypto-ssh,3,0.7375725239906572
1035,1,asr9k-qfp-infra,3,0.8868537170673519
1545,1,mobileip,3,0.5435446419068655
879,1,asr9k-cpp-fib-mpls,3,1.2056477842804871
819,1,calvados-show-tech,4,0.33483196559262085
1319,1,asr9k-dpss,3,1.3116050315341514
1554,0,asr9k-fpd-firmware,3,1.0400136016449464
1649,1,qos-mibs-qosmi7434,3,0.42780841527225466
10,0,fr-common,2,0.16956086449145802
1574,0,chkpt,2,1.0125258992267148
48,0,igp-igpte-lib,2,0.2864721946987015
302,0,asr9k-rb-th,4,0.3797780053012043
195,1,asr9k-pbr,3,3.1269603144852454
369,1,asr9k-lc-octane,3,2.118692361184018
1332,0,ip-udp,3,0.18391478970169933
492,0,asr9k-sc-envmon,3,5.327063353170293
358,0,tty-vty,2,0.4737193310256504
1442,0,ipv4-filesystems,3,0.33600729420818615
1591,1,chips-nsco-fpga,3,0.2136319022475972
1367,1,asr9k-fantray-v2,2,0.2346083450682935
1693,1,asr9k-dpaa,3,1.5522339887199448
1427,1,crypto-cepki,3,0.3294930606965151
1643,1,asr9k-act,3,0.29118516906981756
398,0,asr9k-vsm-cgv6-app,4,1.0090515947768801
497,1,asr9k-mofrr,2,0.9230683413351835
1506,0,ether-infra,3,0.19855713075543702
232,0,platforms-nodeid,3,0.1866240492195403
963,1,ipv6-ea,2,0.15
1697,1,dwdm_ui,2,1.3539034446715696
751,1,eoam-lm,1,0.15
535,1,installmgr,3,1.5403629295367454
730,0,asr9k-mgbl-cwi,3,0.37145494423165654
564,0,asr9k-forge-cgn,3,2.422442923823685
1065,1,platforms-dmac,3,0.2425561465487719
704,0,asr9k-cc-invagnt,2,0.19501297013352417
339,1,asr9k-flexr-hostos,3,1.6090719928830768
937,1,nv-satellite-sdac,3,0.7238106063865388
421,1,asr9k-sip-l2mcast,4,0.7498248776548923
1058,0,asr9k-cpp-fib-ipv4,3,0.39747351614413645
382,0,ifmgr,2,2.0846998949381375
806,0,asr9k-cbc-sw,3,2.7527269404905192
792,0,mpls-te,3,3.1891766396944043
1540,0,asr9k-bfd,3,3.01625639142525
630,0,route-proxy,2,0.46196039464759825
869,1,ip-rsvp,2,1.054229823641185
1178,0,ipv4-acl-pfilter,1,0.18568790568597232
854,0,mpls-tp-oam,2,0.37296259486854333
1343,1,pppoe-ea,3,0.1820803362203458
1627,1,asr9k-sureshot,2,0.4298723526070157
1538,0,asr9k-prm-issu,2,0.4028952200289087
248,0,policymgr,3,2.652140667114996
1593,1,call-home,3,1.996036256161924
779,1,fib-mpls,3,0.9046172577512289
715,1,qfp-ha-internal,3,0.5634657690588613
584,0,asr9k-qos,3,7.942163295022675
1530,0,platforms-vik-spp,2,0.20540512994107266
722,0,pcie,2,0.26338358530261524
251,1,asr9k-fpgalib,3,0.8668319117277167
1542,0,asr9k-mpls,3,2.273076286457983
741,1,ipv4-netio,2,0.22520597850093224
990,0,cdp,2,0.44660179426335417
1438,0,asr9k-fabmgr,2,2.0365527562147503
699,1,snmp-frucontrolmib,2,0.23280932918352473
777,1,config-mibs,2,0.1705252213922714
642,0,asr9k-qfp-cem,2,0.3191180941030164
734,0,asr9k-sip700-iw,3,0.27061588150224936
1646,0,asr9k-lrd,3,0.41612717384403375
127,1,ipv4-rip,2,0.22259948952882097
317,1,infra-distrib-test,3,0.17077739805510206
53,1,asr9k-diags-bb,3,0.5498484475578274
1125,1,asr9k-acct-srv,2,0.26890184636191045
1621,1,ha-wdsymon-test,3,0.21792863435735704
129,1,asr9k-juggernaut,2,1.3653024322804044
280,0,asr9k-lda,3,2.199450751938292
905,1,asr9k-license,3,2.7043516002995234
539,1,snmp-expr-mib,3,0.1780399275141942
390,0,sonet-local,2,0.37833764467834197
1109,1,asr9k-trustsec,2,0.1887268340859525
1355,1,asr9k-fhrp,3,0.47193106374644794
442,0,ip-ntp,2,0.23637207242692637
122,0,mpls-infra,3,0.1807661269483803
1155,1,asr9k-lc-24p10g,3,0.1705252213922714
568,0,ethernet-stp,3,2.17124136778535
1484,0,mpls-static,3,0.205211941059697
124,0,object-tracking,3,0.6304172962684813
1087,1,asr9k-cmn-qnet,2,0.22218489173741932
98,0,asr9k-spa-cht3,3,0.5185598629610397
1241,1,asr9k-ether-ea,3,2.884413887907129
1383,1,infra-license,3,1.6773072921339005
502,0,infra-debugging,3,0.16874105115317423
580,0,asr9k-sc-dsc,2,0.6523476050844923
1416,0,asr9k-spp,3,2.053769436789417
136,0,qfp-intf-gic,3,0.2091633230078069
1215,1,lpts-netio,3,0.1986922322762887
592,0,qfp-intf-atm,5,0.4337101126935996
1541,1,asr9k-bfd,3,3.01625639142525
794,0,asr9k-lc-cpp,3,2.230098219962909
1549,1,asr9k-fib-trident,2,1.0722434613554974
42,0,asr9k-mdr,3,0.24065852512716127
1436,0,openflow-agent,3,1.7883815129037008
727,1,subscriber-srg,3,2.8655366169846213
182,0,asr9k-service-se,4,0.9672715689341813
656,0,asr9k-qfp-pal-thor,2,0.31073301493181854
1607,1,lib-keychain,2,0.1899063925401197
475,1,icpe-util,3,0.5188719929583298
1128,0,asr9k-obfl,3,0.9816975957932088
373,1,spa-choc12-ds0,2,0.523263155041062
669,1,ip-bfd,2,2.7418032179716865
1108,0,asr9k-trustsec,2,0.1887268340859525
1511,1,fib-hal,2,1.2212964835166464
1445,1,flexr-asr9k-led,4,0.9501542091459444
1046,0,nv-901-img,3,1.4908947278373217
1095,1,spa-infra-fpd,3,0.24764174631320532
402,0,flexr-asr9k-xml,4,0.15704822468976473
840,0,xr_pi_mgbl,5,0.3226488607471433
1630,0,asr9k-megatron,2,1.3688707523855446
556,0,ethernet-loopback,3,0.7916231488700628
752,0,asr9k-netflow,3,2.687130095900277
852,0,asr9k-lc-np,3,5.322231447125044
565,1,asr9k-forge-cgn,3,2.422442923823685
220,0,asr9k-rb-vendor,3,0.38731362385565093
528,0,ip-iarm,2,0.7929817820016232
75,1,asr9k-fib-ipv6,2,0.4654548466613768
1685,1,infra-cdm,2,0.7531775506081234
560,0,asr9k-lc-weaponx,3,2.625957952841898
895,1,ipv4-mrib,3,1.3292499893824687
1203,1,fib-common,2,3.819211309119278
1018,0,traffmon-netfl5966,3,0.5845374454646142
1286,0,ipv4-ospf,3,1.8552296445154337
1509,1,c12k-chnl,3,0.4676633189117419
1623,1,shellutil,3,0.21173255671939997
379,1,asr9k-avsm-fpga,3,0.21447762714918592
911,1,asr9k-fabric-mgid,2,1.8297235089836072
828,0,service-infra-svii,3,0.2668203400313546
225,1,cgn,4,0.9975645893744961
1312,0,asr9k-servicepack,3,0.22471381122272904
501,1,doc-asr9k,2,0.20650584731291802
138,0,qfp-punt,5,0.15915020584858464
988,0,asr9k-call-home,4,0.6357660772442509
516,0,i2ss,6,0.21425680904440675
1406,0,phys-cem,2,0.576452788211402
329,1,ipv4-arp,3,1.4019425779393149
1335,1,qfp-irb,4,0.626024026156821
128,0,asr9k-juggernaut,2,1.3653024322804044
1033,1,asr9k-cpp-mcast,3,0.9640930177582246
1508,0,c12k-chnl,3,0.4676633189117419
31,1,asr9k-flexr-mgmt,3,0.5566534239846106
996,0,ipv6-icmp,3,0.19790132806441102
1399,1,mpls-lspv,3,1.1261682086937073
834,0,asr9k-infra-ltrace,3,0.20889313463730277
668,0,ip-bfd,2,2.7418032179716865
435,1,asr9k-lnm,3,0.7514523788702097
27,1,asr9k-spirit,4,2.114811156553132
1204,0,forge-res-mgr,3,0.6315346862952029
299,1,ip-fhrp,2,0.3134435898113845
903,1,flexr-asr9k-lc,4,1.1320155135435173
204,0,scripting-python3,3,0.21141354683651128
920,0,asr9k-ipmcast,3,5.707369792053188
1694,0,skywarp-punt,4,0.41569543858630936
384,0,asr9k-spa-cem,3,0.38145603534563155
514,0,infra-vman,3,0.15
1478,0,asr9k-multicast,2,0.27491710825877586
975,1,socket-lib,3,0.23326165663501894
1146,0,asr9k-energon,3,1.113176219667003
287,1,asr9k-10g-serdes,3,1.6509922794829557
706,0,asr9k-cfm,3,2.681837085155762
976,0,qos-client,2,0.20115017679448077
463,1,ism-ixgbe-usrdrv,3,0.2344404605231644
1679,1,asr9k-darkenergon,2,0.7785742906178518
739,1,calvados-pm,3,0.2297474114287273
314,0,asr9k-rb-lnx-infra,3,0.3113065163934692
1357,1,error-disable,2,0.2392643000029589
82,0,asr9k-bin,4,0.29895229500784193
210,0,asr9k-qfp-intf-atm,3,0.5049278946151894
845,1,infra-subdb,3,2.9495402987172996
1425,1,mpls-netio,3,0.6077678968667638
1706,0,asr9k-lc-2p100g,4,0.32361446229349433
1673,1,asr9k-icpe-nvsat,4,0.40274383773780853
619,1,asr9k-mlp,3,0.8385784192718537
862,0,qos,1,0.20020509013711035
893,1,asr9k-storm,2,0.6994151326469501
217,1,asr9k-qfp-ucode,2,0.28880393292696893
211,1,asr9k-qfp-intf-atm,3,0.5049278946151894
96,0,tools-util,3,0.25936378278152833
486,0,forge-plat_mdata,4,0.2888298911480222
458,0,qfp-intf-fr-relay,3,0.15
1255,1,asr9k-dlm,3,0.9525850783074802
439,1,drivers-vpa-infra,2,0.3249698889210087
1537,1,infra-rdsfs,2,0.28346646170698037
638,0,asr9k-lc-typhoon,3,5.248182093602139
1480,0,infra-ship,2,0.35516544809407774
1665,1,es-acl,2,0.29099509522345895
926,0,infra-syslogmib,2,0.4648005370257918
73,1,asr9k-cc-mbihello,3,0.29098183226223
785,1,subscriber-ipsub,3,4.256090473345641
1289,1,man-xml-mda-ops,3,0.1970334825875176
1068,0,asr9k-attach,3,0.37205416602102326
181,1,fr-uber-ver,2,0.1697267818584221
4,0,skywarp-infra,4,1.3655006903900448
1152,0,l2fib,3,2.579851602431422
1514,0,onep-policy,3,1.776486258453172
1160,0,ethernet-mac-alloc,3,0.18713589273523965
758,0,calvados-sdk,6,0.2302800926269837
139,1,qfp-punt,5,0.15915020584858464
850,0,asr9k-pcds,5,0.17969363899658877
871,1,trg-pi,2,0.17021033760796933
524,0,manageability-perf,3,0.3774725081517422
424,0,infra-aipc,2,0.5473335144103154
392,0,qfp-ipmcast,3,0.8542508050730742
519,1,asr9k-hqt-sc,2,0.1859012722787742
434,0,asr9k-lnm,3,0.7514523788702097
1292,0,service-ipsec-app,3,0.9480024568147843
158,0,aaa,3,2.433183534847875
1276,0,crypto-ipsec,2,0.25674830065382387
1456,0,asr9k-fib-eng-cmn,3,1.0964191323722323
1632,0,asg-core,6,0.24547101613980155
749,1,asr9k-sat-qos,3,2.015866824110876
688,0,asr9k-icpe-ea,4,1.5848761644420943
594,0,phys-mibs-t1e1,3,0.21980254969697863
958,0,asr9k-icpe,3,2.5879357779164627
606,0,asr9k-qfp-bqs-mgr,3,0.212039885875353
1637,1,infra-iccp-app-fsm,3,0.559663435900704
1294,0,thor,2,0.5347347951796186
1667,1,ipv4-dhcpd,3,3.0831230262287104
313,1,asr9k-cluster,3,2.571586406247283
1013,1,asr9k-l3-ucode,4,2.096515615721699
355,1,giro,2,0.6960719688941459
110,0,asr9k-dhcpd,3,0.462671734305715
1239,1,asr9k-lpts,3,3.9770748632051354
1209,1,powermib,2,0.21549549752176886
342,0,panini-fabric,2,0.18455507366994298
1408,0,asr9k-qfp-qos,2,0.4672284871476515
1531,1,platforms-vik-spp,2,0.20540512994107266
1710,0,asr9k-atm,3,1.0930643576513273
1564,0,snmp-agent,2,1.7945600273490518
902,0,flexr-asr9k-lc,4,1.1320155135435173
621,1,mcast-fib,2,0.7240077313460123
934,0,asr9k-platform,3,0.5537277694760857
1307,1,spa-eth-10ge-hh,3,0.6951069847601278
986,0,qfp-icmp,2,0.15
1026,0,asr9k-l2mcast,3,2.9107450572323366
1348,0,flash-drv-lib,3,0.16024348046980277
1400,0,asr9k-install,3,2.6279725601106403
574,0,infra-placed,2,0.39557084801027237
1111,1,nto-os,3,0.9620990260421346
222,0,skywarp-bcm-prm,4,1.0390703677206379
164,0,asr9k-lc-laserbeak,3,1.831650516400331
1714,0,compmgmt-io,4,0.15899223973694573
45,1,ip-lisp,2,0.15819071078350613
856,0,snmp-mibs-ipmibs,2,1.0127479527980656
423,1,qfp-l2vpn,3,1.6267986804592067
1051,1,qfp-ipucast,3,0.6158161062123328
1698,0,xr_pi_mcast,3,0.3658094777429783
